GBE_ID,n_variables,train,test
INI50,45653,0.800831628824843,0.712746571972401
INI21001,23338,0.261882873505648,0.118645030985097
HC269,2575,0.753680448251034,0.722256492687391
HC382,3817,0.711775601455192,0.621276743001396
