GBE_ID,n_variables,train,test
INI50,48000,0.805352640313047,0.713387040014805
INI21001,23366,0.261985398815763,0.118657706008468
HC269,2591,0.753891011344647,0.722276110381255
HC382,3828,0.712106557701575,0.621290434129544
