GBE_ID,n_variables,alpha,train,test
INI50,45549,0.9,0.800987724366794,0.712809742895968
INI21001,97012,0,0.330076438098611,0.128684573536941
HC269,2585,0.9,0.753598507543063,0.72219130351828
HC382,3876,0.5,0.711452687546454,0.621284151930637
